{
"apiVersion": "V2",
"assemblies": [
{
  "files": [
    {
      "filePath": "data_summary.tsv",
      "fileType": "DATA_TABLE",
      "uncompressedLengthBytes": "354"
    },
    {
      "filePath": "assembly_data_report.jsonl",
      "fileType": "DATA_REPORT",
      "uncompressedLengthBytes": "2304"
    }
  ]
},{
  "accession": "GCA_047651775.1",
  "files": [
    {
      "filePath": "GCA_047651775.1/GCA_047651775.1_ASM4765177v1_genomic.fna",
      "fileType": "GENOMIC_NUCLEOTIDE_FASTA",
      "uncompressedLengthBytes": "35847268"
    }
  ]
}]}
