{
"apiVersion": "V2",
"assemblies": [
{
  "files": [
    {
      "filePath": "data_summary.tsv",
      "fileType": "DATA_TABLE",
      "uncompressedLengthBytes": "538"
    },
    {
      "filePath": "assembly_data_report.jsonl",
      "fileType": "DATA_REPORT",
      "uncompressedLengthBytes": "5124"
    }
  ]
},{
  "accession": "GCA_000002855.2",
  "files": [
    {
      "filePath": "GCA_000002855.2/GCA_000002855.2_ASM285v2_genomic.fna",
      "fileType": "GENOMIC_NUCLEOTIDE_FASTA",
      "uncompressedLengthBytes": "34401369"
    }
  ]
},{
  "accession": "GCF_000002855.4",
  "files": [
    {
      "filePath": "GCF_000002855.4/GCF_000002855.4_ASM285v2_genomic.fna",
      "fileType": "GENOMIC_NUCLEOTIDE_FASTA",
      "uncompressedLengthBytes": "34401388"
    }
  ]
}]}
