{
"apiVersion": "V2",
"assemblies": [
{
  "files": [
    {
      "filePath": "data_summary.tsv",
      "fileType": "DATA_TABLE",
      "uncompressedLengthBytes": "340"
    },
    {
      "filePath": "assembly_data_report.jsonl",
      "fileType": "DATA_REPORT",
      "uncompressedLengthBytes": "2185"
    }
  ]
},{
  "accession": "GCA_029783905.1",
  "files": [
    {
      "filePath": "GCA_029783905.1/genomic.gbff",
      "fileType": "GENBANK_FLAT_FILE",
      "uncompressedLengthBytes": "51029386"
    },
    {
      "filePath": "GCA_029783905.1/GCA_029783905.1_ASM2978390v1_genomic.fna",
      "fileType": "GENOMIC_NUCLEOTIDE_FASTA",
      "uncompressedLengthBytes": "40769840"
    },
    {
      "filePath": "GCA_029783905.1/sequence_report.jsonl",
      "fileType": "SEQUENCE_REPORT",
      "uncompressedLengthBytes": "3811"
    }
  ]
}]}
